Date,Country,Market_Type,Return
2000-01-03,US,DM,-0.009549090000000001
2000-01-04,US,DM,-0.03834472
2000-01-05,US,DM,0.001922225
2000-01-06,US,DM,0.0009557025000000001
2000-01-07,US,DM,0.02709038
2000-01-10,US,DM,0.01118997
2000-01-11,US,DM,-0.01306257
2000-01-12,US,DM,-0.004386331
2000-01-13,US,DM,0.01216966
2000-01-14,US,DM,0.01067132
2000-01-18,US,DM,-0.006832065
2000-01-19,US,DM,0.0005222865
2000-01-20,US,DM,-0.007095268
2000-01-21,US,DM,-0.002912346
2000-01-24,US,DM,-0.02763362
2000-01-25,US,DM,0.006064801000000001
2000-01-26,US,DM,-0.004212677000000001
2000-01-27,US,DM,-0.003938494
2000-01-28,US,DM,-0.02745681
2000-01-31,US,DM,0.02521762
2000-02-01,US,DM,0.01062777
2000-02-02,US,DM,-0.0001135332
2000-02-03,US,DM,0.01124815
2000-02-04,US,DM,-0.00042106150000000003
2000-02-07,US,DM,-9.126842e-05
2000-02-08,US,DM,0.01227321
2000-02-09,US,DM,-0.02082235
2000-02-10,US,DM,0.0036339170000000004
2000-02-11,US,DM,-0.02096935
2000-02-14,US,DM,0.0020329890000000002
2000-02-15,US,DM,0.008712607
2000-02-16,US,DM,-0.01025641
2000-02-17,US,DM,0.0004251731
2000-02-18,US,DM,-0.03037615
2000-02-22,US,DM,0.004516785000000001
2000-02-23,US,DM,0.0063009830000000005
2000-02-24,US,DM,-0.005335528
2000-02-25,US,DM,-0.01482899
2000-02-28,US,DM,0.01101728
2000-02-29,US,DM,0.01362709
2000-03-01,US,DM,0.009345589000000001
2000-03-02,US,DM,0.0018634130000000002
2000-03-03,US,DM,0.01983702
2000-03-06,US,DM,-0.01269542
2000-03-07,US,DM,-0.02563107
2000-03-08,US,DM,0.008173382
2000-03-09,US,DM,0.02560182
2000-03-10,US,DM,-0.0047228700000000005
2000-03-13,US,DM,-0.008207474000000001
2000-03-14,US,DM,-0.01768549
2000-03-15,US,DM,0.02427988
2000-03-16,US,DM,0.04763854
2000-03-17,US,DM,0.0041139
2000-03-20,US,DM,-0.005353473
2000-03-21,US,DM,0.02556586
2000-03-22,US,DM,0.004531853000000001
2000-03-23,US,DM,0.01779907
2000-03-24,US,DM,7.202015999999999e-05
2000-03-27,US,DM,-0.0023568540000000002
2000-03-28,US,DM,-0.010584960000000001
2000-03-29,US,DM,0.0005239665
2000-03-30,US,DM,-0.013655770000000001
2000-03-31,US,DM,0.007164364
2000-04-03,US,DM,0.004931335
2000-04-04,US,DM,-0.007463628000000001
2000-04-05,US,DM,-0.004923966
2000-04-06,US,DM,0.009392417
2000-04-07,US,DM,0.009997736
2000-04-10,US,DM,-0.007841198
2000-04-11,US,DM,-0.002572352
2000-04-12,US,DM,-0.02227124
2000-04-13,US,DM,-0.01817104
2000-04-14,US,DM,-0.05827797
2000-04-17,US,DM,0.03308368
2000-04-18,US,DM,0.02866337
2000-04-19,US,DM,-0.009808478
2000-04-20,US,DM,0.004952819000000001
2000-04-24,US,DM,-0.00326237
2000-04-25,US,DM,0.033275980000000004
2000-04-26,US,DM,-0.01113412
2000-04-27,US,DM,0.002689957
2000-04-28,US,DM,-0.008526063
2000-05-01,US,DM,0.01089209
2000-05-02,US,DM,-0.01495658
2000-05-03,US,DM,-0.02156552
2000-05-04,US,DM,-0.003907851
2000-05-05,US,DM,0.016359600000000002
2000-05-08,US,DM,-0.005905223
2000-05-09,US,DM,-0.008447025
2000-05-10,US,DM,-0.02059994
2000-05-11,US,DM,0.017902460000000002
2000-05-12,US,DM,0.009340749
2000-05-15,US,DM,0.02209774
2000-05-16,US,DM,0.009419153000000001
2000-05-17,US,DM,-0.01244168
2000-05-18,US,DM,-0.007314546000000001
2000-05-19,US,DM,-0.02105468
2000-05-22,US,DM,-0.004428018000000001
2000-05-23,US,DM,-0.01917585
2000-05-24,US,DM,0.0183352
2000-05-25,US,DM,-0.01252993
2000-05-26,US,DM,-0.002533441
2000-05-30,US,DM,0.03224191
2000-05-31,US,DM,-0.0013005730000000002
2000-06-01,US,DM,0.01985781
2000-06-02,US,DM,0.01963681
2000-06-05,US,DM,-0.006518825000000001
2000-06-06,US,DM,-0.0066706180000000006
2000-06-07,US,DM,0.009273995
2000-06-08,US,DM,-0.006585744
2000-06-09,US,DM,-0.003229183
2000-06-12,US,DM,-0.0075157010000000005
2000-06-13,US,DM,0.01621024
2000-06-14,US,DM,0.0007485845
2000-06-15,US,DM,0.005569383000000001
2000-06-16,US,DM,-0.009650173
2000-06-19,US,DM,0.014708490000000001
2000-06-20,US,DM,-0.006763123
2000-06-21,US,DM,0.002154544
2000-06-22,US,DM,-0.01822017
2000-06-23,US,DM,-0.007368233
2000-06-26,US,DM,0.009594305000000001
2000-06-27,US,DM,-0.0032707810000000004
2000-06-28,US,DM,0.0029437110000000003
2000-06-29,US,DM,-0.008544012
2000-06-30,US,DM,0.008465117000000001
2000-07-03,US,DM,0.01027086
2000-07-05,US,DM,-0.01586211
2000-07-06,US,DM,0.007218769000000001
2000-07-07,US,DM,0.01526083
2000-07-10,US,DM,-0.0022178650000000003
2000-07-11,US,DM,0.0035646030000000004
2000-07-12,US,DM,0.008130301000000001
2000-07-13,US,DM,0.001955898
2000-07-14,US,DM,0.009452882000000001
2000-07-17,US,DM,0.00033775280000000003
2000-07-18,US,DM,-0.011089120000000001
2000-07-19,US,DM,-0.007886245
2000-07-20,US,DM,0.009183784
2000-07-21,US,DM,-0.0102837
2000-07-24,US,DM,-0.01074186
2000-07-25,US,DM,0.0069521750000000005
2000-07-26,US,DM,-0.01495453
2000-07-27,US,DM,-0.001927817
2000-07-28,US,DM,-0.02050882
2000-07-31,US,DM,0.007704822
2000-08-01,US,DM,0.0050809670000000005
2000-08-02,US,DM,0.0004172172
2000-08-03,US,DM,0.009633697
2000-08-04,US,DM,0.0071391200000000005
2000-08-07,US,DM,0.01120354
2000-08-08,US,DM,0.0023524320000000002
2000-08-09,US,DM,-0.00669679
2000-08-10,US,DM,-0.008568306000000001
2000-08-11,US,DM,0.007936997000000001
2000-08-14,US,DM,0.0133982
2000-08-15,US,DM,-0.00478023
2000-08-16,US,DM,-0.003085359
2000-08-17,US,DM,0.010960570000000001
2000-08-18,US,DM,-0.0029076180000000003
2000-08-21,US,DM,0.005202048
2000-08-22,US,DM,-0.0009003121
2000-08-23,US,DM,0.00523319
2000-08-24,US,DM,0.0015538160000000002
2000-08-25,US,DM,-0.001233168
2000-08-28,US,DM,0.005071526000000001
2000-08-29,US,DM,-0.002806967
2000-08-30,US,DM,-0.0048018340000000005
2000-08-31,US,DM,0.01004266
2000-09-01,US,DM,0.0020360020000000003
2000-09-05,US,DM,-0.009002019
2000-09-06,US,DM,-0.009840221000000001
2000-09-07,US,DM,0.006875523000000001
2000-09-08,US,DM,-0.005331079000000001
2000-09-11,US,DM,-0.0035061890000000003
2000-09-12,US,DM,-0.004881619
2000-09-13,US,DM,0.0019703240000000003
2000-09-14,US,DM,-0.002720704
2000-09-15,US,DM,-0.0101697
2000-09-18,US,DM,-0.014531210000000001
2000-09-19,US,DM,0.01065413
2000-09-20,US,DM,-0.005863415
2000-09-21,US,DM,-0.001577852
2000-09-22,US,DM,-0.00022773540000000002
2000-09-25,US,DM,-0.006688663
2000-09-26,US,DM,-0.008213867
2000-09-27,US,DM,-0.00044842730000000004
2000-09-28,US,DM,0.022235150000000002
2000-09-29,US,DM,-0.0149353
2000-10-02,US,DM,-0.0001949169
2000-10-03,US,DM,-0.0068025310000000005
2000-10-04,US,DM,0.005510144000000001
2000-10-05,US,DM,0.001366501
2000-10-06,US,DM,-0.019000470000000002
2000-10-09,US,DM,-0.004939708
2000-10-10,US,DM,-0.01070591
2000-10-11,US,DM,-0.01617136
2000-10-12,US,DM,-0.02550949
2000-10-13,US,DM,0.03338146
2000-10-16,US,DM,0.00032747040000000004
2000-10-17,US,DM,-0.01793223
2000-10-18,US,DM,-0.005807537000000001
2000-10-19,US,DM,0.03474328
2000-10-20,US,DM,0.005882946
2000-10-23,US,DM,-0.0008232338
2000-10-24,US,DM,0.001683646
2000-10-25,US,DM,-0.02376746
2000-10-26,US,DM,-0.000337021
2000-10-27,US,DM,0.011096130000000001
2000-10-30,US,DM,0.0138303
2000-10-31,US,DM,0.02197818
2000-11-01,US,DM,-0.005722681
2000-11-02,US,DM,0.004995708000000001
2000-11-03,US,DM,-0.001141201
2000-11-06,US,DM,0.003855077
2000-11-07,US,DM,-0.000223434
2000-11-08,US,DM,-0.01577657
2000-11-09,US,DM,-0.006485581000000001
2000-11-10,US,DM,-0.024397560000000002
2000-11-13,US,DM,-0.01077615
2000-11-14,US,DM,0.02345219
2000-11-15,US,DM,0.0049604110000000005
2000-11-16,US,DM,-0.01258445
2000-11-17,US,DM,-0.003351988
2000-11-20,US,DM,-0.01835171
2000-11-21,US,DM,0.003522963
2000-11-22,US,DM,-0.01854752
2000-11-24,US,DM,0.0146783
2000-11-27,US,DM,0.005366046
2000-11-28,US,DM,-0.009548025
2000-11-29,US,DM,0.004370963
2000-11-30,US,DM,-0.02010537
2000-12-01,US,DM,0.0002129358
2000-12-04,US,DM,0.007405549000000001
2000-12-05,US,DM,0.03892164
2000-12-06,US,DM,-0.01821959
2000-12-07,US,DM,-0.005852929000000001
2000-12-08,US,DM,0.01960478
2000-12-11,US,DM,0.007526152
2000-12-12,US,DM,-0.006535285
2000-12-13,US,DM,-0.008160854
2000-12-14,US,DM,-0.01401481
2000-12-15,US,DM,-0.02146272
2000-12-18,US,DM,0.008070724000000001
2000-12-19,US,DM,-0.012957950000000001
2000-12-20,US,DM,-0.03129596
2000-12-21,US,DM,0.008001644
2000-12-22,US,DM,0.02440268
2000-12-26,US,DM,0.007059887000000001
2000-12-27,US,DM,0.01043956
2000-12-28,US,DM,0.003988201
2000-12-29,US,DM,-0.01044805
2001-01-02,US,DM,-0.02803193
2001-01-03,US,DM,0.050098580000000004
2001-01-04,US,DM,-0.01055241
2001-01-05,US,DM,-0.02624237
2001-01-08,US,DM,-0.001917819
2001-01-09,US,DM,0.0038121400000000003
2001-01-10,US,DM,0.009586409
2001-01-11,US,DM,0.01031776
2001-01-12,US,DM,-0.006406295
2001-01-16,US,DM,0.0063186480000000005
2001-01-17,US,DM,0.002125655
2001-01-18,US,DM,0.01391532
2001-01-19,US,DM,-0.004028279
2001-01-22,US,DM,0.00026814840000000004
2001-01-23,US,DM,0.0130315
2001-01-24,US,DM,0.002866804
2001-01-25,US,DM,-0.0049769110000000005
2001-01-26,US,DM,-0.001885806
2001-01-29,US,DM,0.006804679
2001-01-30,US,DM,0.0070079240000000004
2001-01-31,US,DM,-0.005619736
2001-02-01,US,DM,0.005461161
2001-02-02,US,DM,-0.017473990000000002
2001-02-05,US,DM,0.0035865930000000003
2001-02-06,US,DM,-0.0015136860000000002
2001-02-07,US,DM,-0.008408146
2001-02-08,US,DM,-0.006234665
2001-02-09,US,DM,-0.01333553
2001-02-12,US,DM,0.011827250000000001
2001-02-13,US,DM,-0.008652119
2001-02-14,US,DM,-0.0021838030000000002
2001-02-15,US,DM,0.008123594000000001
2001-02-16,US,DM,-0.01890533
2001-02-20,US,DM,-0.0173565
2001-02-21,US,DM,-0.01850751
2001-02-22,US,DM,-0.0019517710000000001
2001-02-23,US,DM,-0.0055554670000000006
2001-02-26,US,DM,0.01748993
2001-02-27,US,DM,-0.007659843
2001-02-28,US,DM,-0.01430911
2001-03-01,US,DM,0.001040373
2001-03-02,US,DM,-0.00567985
2001-03-05,US,DM,0.005858141000000001
2001-03-06,US,DM,0.009980586000000001
2001-03-07,US,DM,0.006452385000000001
2001-03-08,US,DM,0.0022585170000000003
2001-03-09,US,DM,-0.02476398
2001-03-12,US,DM,-0.043180750000000004
2000-01-03,France,DM,-0.004316560433529325
2000-01-04,France,DM,-0.04135089175634644
2000-01-05,France,DM,-0.02950442101363787
2000-01-06,France,DM,-0.00014276897539372785
2000-01-07,France,DM,0.01902568127213241
2000-01-10,France,DM,0.018571120818107096
2000-01-11,France,DM,-0.004774624017879793
2000-01-12,France,DM,-0.008536992077624494
2000-01-13,France,DM,0.009259445898347363
2000-01-14,France,DM,0.022800604774297288
2000-01-17,France,DM,0.008839895783821319
2000-01-18,France,DM,-0.025862657441398592
2000-01-19,France,DM,-0.0020560492353876338
2000-01-20,France,DM,0.008701812291614316
2000-01-21,France,DM,-0.008352954740604563
2000-01-24,France,DM,-0.0021563254509797494
2000-01-25,France,DM,-0.012180296597003329
2000-01-26,France,DM,0.012246151202540363
2000-01-27,France,DM,0.006450896597380643
2000-01-28,France,DM,0.004369974554830562
2000-01-31,France,DM,-0.010554717494973673
2000-02-01,France,DM,0.014885487255258921
2000-02-02,France,DM,0.02766073983686511
2000-02-03,France,DM,0.029081895507778024
2000-02-04,France,DM,0.015002738592112092
2000-02-07,France,DM,-0.009878552775355553
2000-02-08,France,DM,0.013629117068562334
2000-02-09,France,DM,-0.0010007274688278523
2000-02-10,France,DM,-0.011161209938483295
2000-02-11,France,DM,0.016590440946628753
2000-02-14,France,DM,-0.0001040626915348787
2000-02-15,France,DM,-0.026435991259545193
2000-02-16,France,DM,-0.004581756625796498
2000-02-17,France,DM,0.017161697655192203
2000-02-18,France,DM,-0.01670693369038225
2000-02-21,France,DM,-0.019093693292014102
2000-02-22,France,DM,-0.0010886478463490803
2000-02-23,France,DM,0.013047570277349185
2000-02-24,France,DM,0.011005163935837503
2000-02-25,France,DM,0.01760771775415272
2000-02-28,France,DM,-0.010972940452373018
2000-02-29,France,DM,0.014822584916090942
2000-03-01,France,DM,0.014431259719698988
2000-03-02,France,DM,0.036256407322071464
2000-03-03,France,DM,0.0025332281703375225
2000-03-06,France,DM,0.006059489063535892
2000-03-07,France,DM,-0.01393779960593377
2000-03-08,France,DM,-0.014620625854744912
2000-03-09,France,DM,0.010462778416337106
2000-03-10,France,DM,0.013342386604490929
2000-03-13,France,DM,-0.026369018004744543
2000-03-14,France,DM,0.0003703311804563589
2000-03-15,France,DM,-0.02346188940629752
2000-03-16,France,DM,0.008427654077786013
2000-03-17,France,DM,0.012295965545008163
2000-03-20,France,DM,0.004352049048604709
2000-03-21,France,DM,-0.011125775757518852
2000-03-22,France,DM,-0.006459479659452842
2000-03-23,France,DM,-0.002230972258714185
2000-03-24,France,DM,0.013161726139522212
2000-03-27,France,DM,0.017480773336961138
2000-03-28,France,DM,0.012055053740451118
2000-03-29,France,DM,-0.0004148720241701108
2000-03-30,France,DM,-0.030197813637059288
2000-03-31,France,DM,-0.0021918032874423247
2000-04-03,France,DM,-0.02709668631856332
2000-04-04,France,DM,0.010652811685192614
2000-04-05,France,DM,-0.033346162159736875
2000-04-06,France,DM,0.03196381831361031
2000-04-07,France,DM,0.012239700149848997
2000-04-10,France,DM,0.011697945004331203
2000-04-11,France,DM,-0.015492997524152459
2000-04-12,France,DM,-0.0015970449421363888
2000-04-13,France,DM,-0.002458730932120158
2000-04-14,France,DM,-0.029925502325311697
2000-04-17,France,DM,-0.006932079292306151
2000-04-18,France,DM,0.01396205828813702
2000-04-19,France,DM,0.0011427211996347208
2000-04-20,France,DM,0.011552042021226765
2000-04-25,France,DM,0.011581839268732377
2000-04-26,France,DM,0.015297716240427386
2000-04-27,France,DM,-0.018435592101138147
2000-04-28,France,DM,0.024526129129485135
2000-05-02,France,DM,0.022231210371053144
2000-05-03,France,DM,-0.016034944652997915
2000-05-04,France,DM,0.009441505270941189
2000-05-05,France,DM,0.005824241777310768
2000-05-08,France,DM,-0.003896283017933383
2000-05-09,France,DM,-0.018685510289728383
2000-05-10,France,DM,-0.014236273060931243
2000-05-11,France,DM,0.01609480563572805
2000-05-12,France,DM,0.010591883265822012
2000-05-15,France,DM,-0.006020168262050278
2000-05-16,France,DM,0.021546014323860947
2000-05-17,France,DM,-0.01259564916131327
2000-05-18,France,DM,-0.0015796140299603684
2000-05-19,France,DM,-0.03509299056787266
2000-05-22,France,DM,-0.017779292178364305
2000-05-23,France,DM,0.005770582782591782
2000-05-24,France,DM,-0.021689862188293347
2000-05-25,France,DM,0.023627384501076792
2000-05-26,France,DM,0.0010394853719948248
2000-05-29,France,DM,0.014862122615886307
2000-05-30,France,DM,0.017481607048482596
2000-05-31,France,DM,0.0157148188814089
2000-06-01,France,DM,0.022100812665852038
2000-06-02,France,DM,0.011223436487792313
2000-06-05,France,DM,-0.000494416517135426
2000-06-06,France,DM,-0.00750417726463655
2000-06-07,France,DM,-0.01334174831811811
2000-06-08,France,DM,0.0022816189825179386
2000-06-09,France,DM,0.0033199145686528373
2000-06-13,France,DM,0.00017708247062512777
2000-06-14,France,DM,0.012167988172291653
2000-06-15,France,DM,-0.012921032394102902
2000-06-16,France,DM,-0.006539540873466666
2000-06-19,France,DM,0.0045776391775421655
2000-06-20,France,DM,0.0034598805582992946
2000-06-21,France,DM,-0.009994792358858449
2000-06-22,France,DM,0.0006849367937965372
2000-06-23,France,DM,0.007399666689305236
2000-06-26,France,DM,0.00648286429146221
2000-06-27,France,DM,-0.0014859458178422798
2000-06-28,France,DM,0.0041765729938905306
2000-06-29,France,DM,-0.025837018152450927
2000-06-30,France,DM,0.0042616409509307375
2000-07-03,France,DM,0.0066684285678889925
2000-07-04,France,DM,-0.0015742782097404255
2000-07-05,France,DM,-0.0013727337328233182
2000-07-06,France,DM,-0.0015025264846431005
2000-07-07,France,DM,0.014327654798301786
2000-07-10,France,DM,-0.007009617950305988
2000-07-11,France,DM,-0.0006185009021848806
2000-07-12,France,DM,0.005830900527553138
2000-07-13,France,DM,0.004815966665046986
2000-07-17,France,DM,0.007285726754459005
2000-07-18,France,DM,-0.009832715822486534
2000-07-19,France,DM,-0.004112255060360984
2000-07-20,France,DM,0.006173784302910677
2000-07-21,France,DM,-0.011193279537904858
2000-07-24,France,DM,0.007182861632976185
2000-07-25,France,DM,-0.0028925812487558314
2000-07-26,France,DM,0.0035753184510368893
2000-07-27,France,DM,0.004759842785300761
2000-07-28,France,DM,-0.01266775854014615
2000-07-31,France,DM,0.015500746675282657
2000-08-01,France,DM,-0.0012272198554561654
2000-08-02,France,DM,2.9718124125637556e-05
2000-08-03,France,DM,-0.01950111593294883
2000-08-04,France,DM,0.01344196736648323
2000-08-07,France,DM,0.009157202769965171
2000-08-08,France,DM,0.0007050282552640095
2000-08-09,France,DM,0.004376686422627072
2000-08-10,France,DM,-0.0026244193175233403
2000-08-11,France,DM,0.0006251995167146209
2000-08-14,France,DM,0.006744665108467713
2000-08-15,France,DM,0.002751161589197665
2000-08-16,France,DM,0.006623971402620043
2000-08-17,France,DM,-0.006022551323303789
2000-08-18,France,DM,-0.005393692026871323
2000-08-21,France,DM,-0.002355400943089009
2000-08-22,France,DM,-0.004346372119041001
2000-08-23,France,DM,-0.0011087108901971564
2000-08-24,France,DM,-0.0059531246100293774
2000-08-25,France,DM,0.018103508400243825
2000-08-28,France,DM,0.0044940509313320925
2000-08-29,France,DM,0.005572133546004789
2000-08-30,France,DM,-0.0005254132344699929
2000-08-31,France,DM,-0.00138411650192112
2000-09-01,France,DM,0.025130620806773037
2000-09-04,France,DM,0.01288462942962378
2000-09-05,France,DM,-0.01427186893877976
2000-09-06,France,DM,-0.00858313479736949
2000-09-07,France,DM,0.002530626753619968
2000-09-08,France,DM,-0.01471509364631408
2000-09-11,France,DM,-0.010402135416840286
2000-09-12,France,DM,0.0016999484864954502
2000-09-13,France,DM,-0.016961014697467167
2000-09-14,France,DM,0.009465230509499252
2000-09-15,France,DM,-0.0035221780607871877
2000-09-18,France,DM,-0.011545385502784451
2000-09-19,France,DM,-0.0007847980819334824
2000-09-20,France,DM,-0.015531346606132491
2000-09-21,France,DM,-0.021294458543339966
2000-09-22,France,DM,0.0017975503665881027
2000-09-25,France,DM,0.012882009900775327
2000-09-26,France,DM,-0.007251098506137683
2000-09-27,France,DM,0.004057973858425102
2000-09-28,France,DM,-0.004019097013532091
2000-09-29,France,DM,-0.0021739661508219377
2000-10-02,France,DM,0.009043154197688006
2000-10-03,France,DM,0.006464018064012302
2000-10-04,France,DM,-0.013785488808571954
2000-10-05,France,DM,0.002784989769499937
2000-10-06,France,DM,-0.009748120264379698
2000-10-09,France,DM,-0.02025645033489012
2000-10-10,France,DM,0.006249386608317552
2000-10-11,France,DM,-0.02822017180763977
2000-10-12,France,DM,0.0037193456545904654
2000-10-13,France,DM,0.00686650111767518
2000-10-16,France,DM,0.0026713331675022596
2000-10-17,France,DM,-0.0019157281117536385
2000-10-18,France,DM,-0.020879729259556078
2000-10-19,France,DM,0.017658138884148977
2000-10-20,France,DM,0.011119597216538256
2000-10-23,France,DM,0.00592096066859512
2000-10-24,France,DM,0.022481090299778104
2000-10-25,France,DM,-0.007480295538745362
2000-10-26,France,DM,-0.011482854536977232
2000-10-27,France,DM,0.007850749274349814
2000-10-30,France,DM,0.004296110283816147
2000-10-31,France,DM,0.015013678359794128
2000-11-01,France,DM,0.001704786399973872
2000-11-02,France,DM,-0.0010617189340657474
2000-11-03,France,DM,0.0002775304472829343
2000-11-06,France,DM,-0.006213698696096584
2000-11-07,France,DM,0.00634921513706363
2000-11-08,France,DM,-0.005485502123398835
2000-11-09,France,DM,-0.008309686938701355
2000-11-10,France,DM,-0.017135373797695835
2000-11-13,France,DM,-0.01844295279450125
2000-11-14,France,DM,0.027324274797621787
2000-11-15,France,DM,0.011377657591153658
2000-11-16,France,DM,-0.0018203380778468736
2000-11-17,France,DM,-0.016254206546457182
2000-11-20,France,DM,-0.01909203273188253
2000-11-21,France,DM,0.00634403565267255
2000-11-22,France,DM,-0.01846461432015707
2000-11-23,France,DM,0.015026649697329692
2000-11-24,France,DM,0.010727643930958656
2000-11-27,France,DM,0.0047996400678718765
2000-11-28,France,DM,-0.013121741391485926
2000-11-29,France,DM,-0.0013776176099616478
2000-11-30,France,DM,-0.01994308582065903
2000-12-01,France,DM,-0.0011637508821617708
2000-12-04,France,DM,-0.020860040072516288
2000-12-05,France,DM,0.027702249076476854
2000-12-06,France,DM,-0.001808419490941817
2000-12-07,France,DM,0.0004712063401573515
2000-12-08,France,DM,-0.006432246226558821
2000-12-11,France,DM,0.018600768601498674
2000-12-12,France,DM,-0.000385358828395205
2000-12-13,France,DM,-0.010231271280349815
2000-12-14,France,DM,-0.010245046870521498
2000-12-15,France,DM,-0.0116912732876925
2000-12-18,France,DM,0.011039551090479091
2000-12-19,France,DM,0.010335592858828941
2000-12-20,France,DM,-0.027958873047534707
2000-12-21,France,DM,-0.0030835526380347377
2000-12-22,France,DM,0.006399614862933959
2000-12-27,France,DM,0.01455013169835077
2000-12-28,France,DM,0.011013379651671462
2000-12-29,France,DM,0.0041989823869662
2001-01-02,France,DM,-0.017749706476019214
2001-01-03,France,DM,-0.020211720585708873
2001-01-04,France,DM,0.01635130901482356
2001-01-05,France,DM,-0.007266040199293543
2001-01-08,France,DM,-0.005678427684206751
2001-01-09,France,DM,-0.01128407972356183
2001-01-10,France,DM,-0.0029744617624794067
2001-01-11,France,DM,0.009122676367807819
2001-01-12,France,DM,0.019039199941736595
2001-01-15,France,DM,0.0006295253875596872
2001-01-16,France,DM,-0.010641234100684226
2001-01-17,France,DM,0.015297192916842173
2001-01-18,France,DM,-0.002416676527818749
2001-01-19,France,DM,-0.002755790040145609
2001-01-22,France,DM,0.004678071696916627
2001-01-23,France,DM,-0.007035976222606775
2001-01-24,France,DM,0.008606846871432068
2001-01-25,France,DM,0.0061869570437776055
2001-01-26,France,DM,0.0008272562816424278
2001-01-29,France,DM,-0.0031784554443822994
2001-01-30,France,DM,0.002375441098787961
2001-01-31,France,DM,0.01244422662510086
2001-02-01,France,DM,-0.013256123178034455
2001-02-02,France,DM,-0.008873233891867272
2001-02-05,France,DM,0.0017091642489122825
2001-02-06,France,DM,0.0044256337200545715
2001-02-07,France,DM,-0.012865182296106104
2001-02-08,France,DM,0.004163923886514271
2001-02-09,France,DM,-0.009008897275929122
2001-02-12,France,DM,0.006429617993510482
2001-02-13,France,DM,-0.0043524070992727315
2001-02-14,France,DM,-0.01341767946115456
2001-02-15,France,DM,0.009641053332838987
2001-02-16,France,DM,-0.013630106324717211
2001-02-19,France,DM,-7.828146700376642e-05
2001-02-20,France,DM,-0.006134092514680483
2001-02-21,France,DM,-0.01030309370991801
2001-02-22,France,DM,-0.005700630142724326
2001-02-23,France,DM,-0.017668489129160306
2001-02-26,France,DM,0.014694909854834667
2001-02-27,France,DM,0.003987437068794467
2001-02-28,France,DM,-0.00816686229116904
2001-03-01,France,DM,-0.0061549025608195074
2001-03-02,France,DM,-0.009540641059603186
2001-03-05,France,DM,0.012232476446869919
2001-03-06,France,DM,0.013019765347998142
2001-03-07,France,DM,0.005283432109438126
2000-01-04,China,EM,0.0310831095348044
2000-01-05,China,EM,-0.0024853093195388227
2000-01-06,China,EM,0.03765006139813082
2000-01-07,China,EM,0.04058647406615302
2000-01-10,China,EM,0.01732193607209765
2000-01-11,China,EM,-0.04837750585367109
2000-01-12,China,EM,-0.031641592110021814
2000-01-13,China,EM,-0.01035843463443447
2000-01-14,China,EM,-0.016037333717007447
2000-01-17,China,EM,0.014878951681773743
2000-01-18,China,EM,-0.00328272245397168
2000-01-19,China,EM,0.017230895535105827
2000-01-20,China,EM,0.017994370098866463
2000-01-21,China,EM,-0.0027856624128034845
2000-01-24,China,EM,0.008026125115442906
2000-01-25,China,EM,0.0006960279565317723
2000-01-26,China,EM,0.0019574821757847994
2000-01-27,China,EM,0.016219767131802832
2000-01-28,China,EM,0.024779808711115132
2000-02-14,China,EM,0.044378180271922495
2000-02-15,China,EM,-0.011274305730690517
2000-02-16,China,EM,0.010557037634107026
2000-02-17,China,EM,-0.03179968591929143
2000-02-18,China,EM,0.006579724447497057
2000-02-21,China,EM,0.015830632224598764
2000-02-22,China,EM,-0.027855060650409637
2000-02-23,China,EM,-0.016678958556422534
2000-02-24,China,EM,0.02408883932455076
2000-02-25,China,EM,-0.002729573881952953
2000-02-28,China,EM,0.0469844422054446
2000-02-29,China,EM,0.01707821060157206
2000-03-01,China,EM,-0.01378873825664526
2000-03-02,China,EM,0.005545404037953125
2000-03-03,China,EM,0.01089208698015705
2000-03-06,China,EM,-0.0428600327908808
2000-03-07,China,EM,0.018085496621448115
2000-03-08,China,EM,0.014153026634886432
2000-03-09,China,EM,0.009575893881330472
2000-03-10,China,EM,-0.016114981481333654
2000-03-13,China,EM,0.013942685330575104
2000-03-14,China,EM,-0.0263570139070302
2000-03-15,China,EM,-0.004486725916486257
2000-03-16,China,EM,-0.05067118427284891
2000-03-17,China,EM,0.036251286101483426
2000-03-20,China,EM,0.022437646375346867
2000-03-21,China,EM,-0.000772957991031967
2000-03-22,China,EM,0.012350804019463554
2000-03-23,China,EM,0.009195386476896253
2000-03-24,China,EM,-0.002255674852529469
2000-03-27,China,EM,0.025158566322827387
2000-03-28,China,EM,0.0013610645033876223
2000-03-29,China,EM,-0.005353098248876337
2000-03-30,China,EM,0.012955363695382726
2000-03-31,China,EM,-0.007088735555743832
2000-04-03,China,EM,0.010720005481346936
2000-04-04,China,EM,-0.019748538598369544
2000-04-05,China,EM,0.0071926270602033285
2000-04-06,China,EM,0.020408995202765557
2000-04-07,China,EM,-0.0019310578907767795
2000-04-10,China,EM,0.004989919721361977
2000-04-11,China,EM,-0.000690799129621388
2000-04-12,China,EM,-0.016095309520354265
2000-04-13,China,EM,0.010280638605502377
2000-04-14,China,EM,0.0044451124447701185
2000-04-17,China,EM,-0.016009962135766515
2000-04-18,China,EM,0.0062442058993660956
2000-04-19,China,EM,0.013338140564010583
2000-04-20,China,EM,0.0038178009403087264
2000-04-21,China,EM,0.0034049879965012703
2000-04-24,China,EM,-0.00816180411504244
2000-04-25,China,EM,-0.005372037415997711
2000-04-26,China,EM,0.012347429714887333
2000-04-27,China,EM,-0.00806559164058706
2000-04-28,China,EM,0.02311375918972926
2000-05-08,China,EM,-0.006207360742297802
2000-05-09,China,EM,-0.026250222069857252
2000-05-10,China,EM,-0.02665172647232295
2000-05-11,China,EM,-0.020275903887941454
2000-05-12,China,EM,-0.0036644720298634253
2000-05-15,China,EM,-0.013810691185975844
2000-05-16,China,EM,0.01022763393930046
2000-05-17,China,EM,0.0007734528370650976
2000-05-18,China,EM,0.01935073910065826
2000-05-19,China,EM,0.00803357974417629
2000-05-22,China,EM,0.02968991957931729
2000-05-23,China,EM,-0.0062684893008082545
2000-05-24,China,EM,0.013353548039630493
2000-05-25,China,EM,0.010002236875813324
2000-05-26,China,EM,0.001023695769416192
2000-05-29,China,EM,0.01230500797573413
2000-05-30,China,EM,-0.011565525565927704
2000-05-31,China,EM,0.0011190572134770589
2000-06-01,China,EM,0.003971394254630605
2000-06-02,China,EM,0.0009592984837833808
2000-06-05,China,EM,0.000990271797271697
2000-06-06,China,EM,0.015955924173866272
2000-06-07,China,EM,0.0003951712534615131
2000-06-08,China,EM,-0.006560382542684753
2000-06-09,China,EM,-0.022646073347002704
2000-06-12,China,EM,0.001812398821420611
2000-06-13,China,EM,0.008243896533598657
2000-06-14,China,EM,-0.005612774766183356
2000-06-15,China,EM,0.007303182939476304
2000-06-16,China,EM,-0.012414195389945393
2000-06-19,China,EM,-0.00824287780208522
2000-06-20,China,EM,-0.0066100740054687935
2000-06-21,China,EM,0.012908346304726339
2000-06-22,China,EM,0.0023247399529483744
2000-06-23,China,EM,0.005881536386212515
2000-06-26,China,EM,0.008689475416879507
2000-06-27,China,EM,-0.009033937763632347
2000-06-28,China,EM,0.0030616766221433374
2000-06-29,China,EM,0.004107686169221952
2000-06-30,China,EM,-0.003951804266474256
2000-07-03,China,EM,-0.012531099327953633
2000-07-04,China,EM,0.005625203242666824
2000-07-05,China,EM,0.002299228729926122
2000-07-06,China,EM,-0.005193141272661385
2000-07-07,China,EM,0.017881972507533414
2000-07-10,China,EM,0.007533391650724421
2000-07-11,China,EM,0.006799077915962463
2000-07-12,China,EM,0.006607050131627937
2000-07-13,China,EM,-0.0024684787124738166
2000-07-14,China,EM,0.008089072264294854
2000-07-17,China,EM,-0.0027530335997700286
2000-07-18,China,EM,0.004872909561631794
2000-07-19,China,EM,0.004267256015079376
2000-07-20,China,EM,-0.002420290500127567
2000-07-21,China,EM,-0.00021038997128234953
2000-07-24,China,EM,-0.008262218319153993
2000-07-25,China,EM,0.006602152253505725
2000-07-26,China,EM,0.003679642177478592
2000-07-27,China,EM,0.005223502616787269
2000-07-28,China,EM,-0.007184556971102316
2000-07-31,China,EM,0.004885166310879333
2000-08-01,China,EM,0.0019473111546005996
2000-08-02,China,EM,0.0012052542072376806
2000-08-03,China,EM,-7.346315845553141e-05
2000-08-04,China,EM,-0.004779006023433909
2000-08-07,China,EM,0.006297039379187479
2000-08-08,China,EM,0.004201935267222772
2000-08-09,China,EM,0.0037962347813004435
2000-08-10,China,EM,0.003940573680032105
2000-08-11,China,EM,-0.00041236595060333383
2000-08-14,China,EM,0.0031001104995484973
2000-08-15,China,EM,-0.00888346529461199
2000-08-16,China,EM,0.0028187860175119036
2000-08-17,China,EM,0.009385378215602404
2000-08-18,China,EM,-0.0036368841187369954
2000-08-21,China,EM,0.007871625144768597
2000-08-22,China,EM,-0.014166180930399104
2000-08-23,China,EM,-0.007981174098534962
2000-08-24,China,EM,0.005398818294434099
2000-08-25,China,EM,0.004572515056134571
2000-08-28,China,EM,-0.001912299087580866
2000-08-29,China,EM,0.0030858860376745696
2000-08-30,China,EM,-0.012749067680655531
2000-08-31,China,EM,-0.02478296524567898
2000-09-01,China,EM,-0.01234229143852883
2000-09-04,China,EM,0.0026348888980512234
2000-09-05,China,EM,-0.02181749150153341
2000-09-06,China,EM,-0.018393068255697066
2000-09-07,China,EM,0.011801916135937765
2000-09-08,China,EM,0.0022641186250323114
2000-09-11,China,EM,0.0024128520082834694
2000-09-12,China,EM,0.008632004749480074
2000-09-13,China,EM,0.010139321736365645
2000-09-14,China,EM,-0.009146778524137407
2000-09-15,China,EM,-0.002399504717389299
2000-09-18,China,EM,-0.015158315878838148
2000-09-19,China,EM,-0.02029530090507824
2000-09-20,China,EM,0.006910425912089623
2000-09-21,China,EM,-0.017986538603175502
2000-09-22,China,EM,-0.007997360367172943
2000-09-25,China,EM,-0.009228374035152217
2000-09-26,China,EM,0.005238306101119392
2000-09-27,China,EM,0.016295732187018262
2000-09-28,China,EM,-0.029206349840071182
2000-09-29,China,EM,0.012670733842616811
2000-10-09,China,EM,-0.005982302339184873
2000-10-10,China,EM,0.01698906090807292
2000-10-11,China,EM,-0.0032510044816060403
2000-10-12,China,EM,-0.009074229876625622
2000-10-13,China,EM,0.0010249015455143556
2000-10-16,China,EM,-0.012994205517987826
2000-10-17,China,EM,0.005366016283996719
2000-10-18,China,EM,0.011160604831176993
2000-10-19,China,EM,-0.006347219599198373
2000-10-20,China,EM,0.01969111077383037
2000-10-23,China,EM,0.005382233064543313
2000-10-24,China,EM,-0.002346592407965974
2000-10-25,China,EM,0.007922591766732174
2000-10-26,China,EM,-0.008045375916899671
2000-10-27,China,EM,-0.0018185081158968938
2000-10-30,China,EM,0.0034112772020823733
2000-10-31,China,EM,-0.007692014536185919
2000-11-01,China,EM,0.006671247587259637
2000-11-02,China,EM,0.008325124169223984
2000-11-03,China,EM,-0.0018836188170393991
2000-11-06,China,EM,0.006211968541434543
2000-11-07,China,EM,0.0001409992016419617
2000-11-08,China,EM,0.011931913242321636
2000-11-09,China,EM,0.011678131479874258
2000-11-10,China,EM,0.008487648255051349
2000-11-13,China,EM,0.01878789337627402
2000-11-14,China,EM,0.0043579158838502954
2000-11-15,China,EM,-0.0033568925696378094
2000-11-16,China,EM,0.005339558612102583
2000-11-17,China,EM,0.003954719035628841
2000-11-20,China,EM,0.0025667607169571373
2000-11-21,China,EM,0.0003616121729204354
2000-11-22,China,EM,0.010116730810713105
2000-11-23,China,EM,-0.00047751535990132865
2000-11-24,China,EM,-0.03132453512153196
2000-11-27,China,EM,-0.005714073475572934
2000-11-28,China,EM,0.012024459401449927
2000-11-29,China,EM,-0.010283173725372049
2000-11-30,China,EM,0.0031893082559072685
2000-12-01,China,EM,0.003579380051044463
2000-12-04,China,EM,-0.00047095170353041903
2000-12-05,China,EM,-0.00020678901814392636
2000-12-06,China,EM,-0.007184849727041134
2000-12-07,China,EM,-0.0033391732965212828
2000-12-08,China,EM,-0.000402755212217249
2000-12-11,China,EM,-0.01887218033308294
2000-12-12,China,EM,0.007844875302192017
2000-12-13,China,EM,-0.006066869539656849
2000-12-14,China,EM,-0.0007029442895635766
2000-12-15,China,EM,-0.000410964256105645
2000-12-18,China,EM,0.0046380324176884535
2000-12-19,China,EM,-0.0040548061116027845
2000-12-20,China,EM,0.010149464588017871
2000-12-21,China,EM,0.004993721640494797
2000-12-22,China,EM,-0.0029091024039900864
2000-12-25,China,EM,-0.004695303625414775
2000-12-26,China,EM,0.0005295330413382511
2000-12-27,China,EM,-0.007447613726113161
2000-12-28,China,EM,0.0014021613711249718
2000-12-29,China,EM,0.013423989509554146
2001-01-02,China,EM,0.014049506122218338
2001-01-03,China,EM,0.007178921499340781
2001-01-04,China,EM,-0.007137493343886528
2001-01-05,China,EM,-0.003100811581677593
2001-01-08,China,EM,-0.01671362819197239
2001-01-09,China,EM,0.00645908984943655
2001-01-10,China,EM,0.014637453442172887
2001-01-11,China,EM,-0.0003607280042859743
2001-01-12,China,EM,-0.00531727497420952
2001-01-15,China,EM,-0.027581570917729652
2001-01-16,China,EM,0.0052215153659227465
2001-01-17,China,EM,-0.001258494598319144
2001-01-18,China,EM,0.0012901358648985694
2001-01-19,China,EM,0.010782120577233429
2001-02-05,China,EM,-0.0069877912450828665
2001-02-06,China,EM,-0.004227796043436567
2001-02-07,China,EM,-0.003994822928806031
2001-02-08,China,EM,-0.018992637405193753
2001-02-09,China,EM,0.006788651838079968
2001-02-12,China,EM,0.004427058467677196
2001-02-13,China,EM,-0.004014540552136325
2001-02-14,China,EM,0.00016944525633470116
2001-02-15,China,EM,-0.012331690079268856
2001-02-16,China,EM,-0.0022740996974172523
2001-02-19,China,EM,0.016246839532704577
2001-02-20,China,EM,-0.008923146633337006
2001-02-21,China,EM,-0.03257320018849503
2001-02-22,China,EM,-0.0015424356908256371
2001-02-23,China,EM,0.020012812061971405
2001-02-26,China,EM,0.010125989887422842
2001-02-27,China,EM,0.008078010715461903
2001-02-28,China,EM,-0.007344431894224521
2001-03-01,China,EM,0.0015713561051253124
2001-03-02,China,EM,0.011018464481602696
2001-03-05,China,EM,-0.003988615434800134
2001-03-06,China,EM,0.0025961506563966356
2001-03-07,China,EM,0.0011923019669593405
2001-03-08,China,EM,0.008826181201540387
2001-03-09,China,EM,0.004497832033821816
2001-03-12,China,EM,-0.0037568918350228283
2001-03-13,China,EM,-0.007899546852616972
2001-03-14,China,EM,0.010301856149395482
2001-03-15,China,EM,0.004546260226348045
2001-03-16,China,EM,0.0011524017063438289
2001-03-19,China,EM,0.007333972249228146
2001-03-20,China,EM,0.005251860917316174
2001-03-21,China,EM,0.013121345580175265
2001-03-22,China,EM,0.005727473331540327
2001-03-23,China,EM,-0.019021950167027853
2001-03-26,China,EM,0.015601784683378164
2001-03-27,China,EM,0.004775116962808268
2001-03-28,China,EM,-0.0004753208082530862
2001-03-29,China,EM,-0.006096359548052372
2001-03-30,China,EM,0.0012189894989733635
2001-04-02,China,EM,0.00437181498148797
2001-04-03,China,EM,-0.002576356608080841
2001-04-04,China,EM,-0.014220073443409628
2001-04-05,China,EM,0.009690516079165911
2001-04-06,China,EM,-0.0019212804493631138
2001-04-09,China,EM,-0.0019152699244453161
2001-04-10,China,EM,0.0071908481361653625
